{
  "lip_sync_score": 12,
  "verdict": "Likely Fake / Major Desync",
  "metrics": {
    "pearson": 0.12185507827913757,
    "cosine_similarity": 0.7424758640759404,
    "rmse": 0.2928666414030378
  },
  "temporal_lag_ms": -66.66666666666667
}