{
  "lip_sync_score": 29,
  "verdict": "Likely Fake / Major Desync",
  "metrics": {
    "pearson": 0.11647692054680868,
    "cosine_similarity": 0.7431142414238767,
    "rmse": 0.2966107528263234
  },
  "temporal_lag_ms": -66.66666666666667
}